<?xml version="1.0" encoding="UTF-8"?>
<beans xmlns="http://www.springframework.org/schema/beans"
	xmlns:xsi="http://www.w3.org/2001/XMLSchema-instance" xmlns:jee="http://www.springframework.org/schema/jee"
	xmlns:aop="http://www.springframework.org/schema/aop"
	xmlns:tx="http://www.springframework.org/schema/tx" xmlns:context="http://www.springframework.org/schema/context"
	xsi:schemaLocation="http://www.springframework.org/schema/beans http://www.springframework.org/schema/beans/spring-beans-3.1.xsd http://www.springframework.org/schema/tx http://www.springframework.org/schema/tx/spring-tx-3.1.xsd http://www.springframework.org/schema/jee http://www.springframework.org/schema/jee/spring-jee-3.1.xsd http://www.springframework.org/schema/context http://www.springframework.org/schema/context/spring-context-3.1.xsd http://www.springframework.org/schema/aop http://www.springframework.org/schema/aop/spring-aop-3.1.xsd">
	
	<bean id="apiConfig" class="com.github.sd4324530.fastweixin.api.config.ApiConfig">
		<constructor-arg index='0' value="appid"></constructor-arg>
		<constructor-arg index='1' value="appsecret"></constructor-arg>
		<constructor-arg index='2' value="true"></constructor-arg>
	</bean>
	
	<bean id="oauthAPI" class="com.github.sd4324530.fastweixin.api.OauthAPI">
		<constructor-arg ref="apiConfig"></constructor-arg>
	</bean>
	
	<bean id="customAPI" class="com.github.sd4324530.fastweixin.api.CustomAPI">
		<constructor-arg ref="apiConfig"></constructor-arg>
	</bean>
	
	<bean id="dataCubeAPI" class="com.github.sd4324530.fastweixin.api.DataCubeAPI">
		<constructor-arg ref="apiConfig"></constructor-arg>
	</bean>
	
	<bean id="jsAPI" class="com.github.sd4324530.fastweixin.api.JsAPI">
		<constructor-arg ref="apiConfig"></constructor-arg>
	</bean>
	
	<bean id="materialAPI" class="com.github.sd4324530.fastweixin.api.MaterialAPI">
		<constructor-arg ref="apiConfig"></constructor-arg>
	</bean>
	
	<bean id="mediaAPI" class="com.github.sd4324530.fastweixin.api.MediaAPI">
		<constructor-arg ref="apiConfig"></constructor-arg>
	</bean>
	
	<bean id="menuAPI" class="com.github.sd4324530.fastweixin.api.MenuAPI">
		<constructor-arg ref="apiConfig"></constructor-arg>
	</bean>
	
	<bean id="messageAPI" class="com.github.sd4324530.fastweixin.api.MessageAPI">
		<constructor-arg ref="apiConfig"></constructor-arg>
	</bean>
	
	<bean id="qrcodeAPI" class="com.github.sd4324530.fastweixin.api.QrcodeAPI">
		<constructor-arg ref="apiConfig"></constructor-arg>
	</bean>
	
	<bean id="systemAPI" class="com.github.sd4324530.fastweixin.api.SystemAPI">
		<constructor-arg ref="apiConfig"></constructor-arg>
	</bean>
	
	<bean id="userAPI" class="com.github.sd4324530.fastweixin.api.UserAPI">
		<constructor-arg ref="apiConfig"></constructor-arg>
	</bean>
	
	<bean id="templateMsgAPI" class="com.github.sd4324530.fastweixin.api.TemplateMsgAPI">
		<constructor-arg ref="apiConfig"></constructor-arg>
	</bean>
	
	<!-- 
	<bean id="payAPI" class="com.github.sd4324530.fastweixin.api.PayAPI">
		<constructor-arg index="0" ref="apiConfig"></constructor-arg>
		<constructor-arg index="1" value="1270877201"></constructor-arg>
		<constructor-arg index="2" value="2c908aa74fd1c7c1014fd1cca4380000"></constructor-arg>
	</bean>
	 -->
</beans>